delivery_id,order_id,delivery_status,delivery_time,rider_id
1,O1,notdelivered,7:43:00 AM,R1
2,O2,notdelivered,6:34:00 AM,R2
3,O3,delivered,11:12:00 PM,R3
4,O4,delivered,1:23:00 PM,R4
5,O5,notdelivered,8:31:00 PM,R5
6,O6,notdelivered,10:43:00 PM,R6
7,O7,notdelivered,8:45:00 PM,R7
8,O8,notdelivered,3:44:00 AM,R1
9,O9,delivered,7:49:00 PM,R2
10,O10,notdelivered,4:11:00 AM,R3
11,O11,notdelivered,6:34:00 PM,R4
12,O12,delivered,7:20:00 PM,R5
13,O13,notdelivered,3:41:00 AM,R6
14,O14,delivered,8:37:00 PM,R7
15,O15,delivered,1:01:00 PM,R1
16,O16,delivered,4:50:00 AM,R2
17,O17,notdelivered,3:54:00 PM,R3
18,O18,notdelivered,9:49:00 PM,R4
19,O19,notdelivered,8:38:00 AM,R5
20,O20,delivered,5:02:00 PM,R6
21,O21,notdelivered,2:01:00 PM,R7
22,O22,notdelivered,3:00:00 AM,R1
23,O23,delivered,1:11:00 PM,R2
24,O24,delivered,1:00:00 AM,R3
25,O25,notdelivered,8:23:00 PM,R4
26,O26,delivered,9:18:00 AM,R5
27,O27,delivered,11:37:00 PM,R6
28,O28,notdelivered,7:19:00 AM,R7
29,O29,notdelivered,1:49:00 AM,R6
30,O30,delivered,12:45:00 AM,R7
31,O31,delivered,4:06:00 PM,R1
32,O32,notdelivered,5:29:00 AM,R2
33,O33,notdelivered,6:06:00 PM,R3
34,O34,notdelivered,2:31:00 AM,R4
35,O35,delivered,3:04:00 AM,R5
36,O36,delivered,12:22:00 AM,R6
37,O37,notdelivered,4:24:00 AM,R7
38,O38,notdelivered,12:36:00 PM,R1
39,O39,notdelivered,6:51:00 PM,R2
40,O40,delivered,7:57:00 PM,R3
41,O41,notdelivered,5:22:00 PM,R4
42,O42,notdelivered,7:33:00 AM,R1
43,O43,delivered,11:57:00 AM,R2
44,O44,notdelivered,3:38:00 AM,R3
45,O45,notdelivered,11:33:00 AM,R4
46,O46,delivered,11:49:00 AM,R5
47,O47,delivered,4:03:00 PM,R6
48,O48,delivered,4:52:00 PM,R7
49,O49,notdelivered,2:59:00 PM,R6
50,O50,notdelivered,9:17:00 PM,R7
51,O51,delivered,5:35:00 PM,R1
52,O52,delivered,7:42:00 PM,R2
53,O53,delivered,5:23:00 PM,R3
54,O54,delivered,9:42:00 AM,R4
55,O55,notdelivered,11:54:00 PM,R5
56,O56,delivered,10:03:00 AM,R6
57,O57,notdelivered,8:14:00 AM,R7
58,O58,delivered,5:13:00 AM,R1
59,O59,delivered,10:08:00 AM,R2
60,O60,delivered,8:09:00 AM,R3
61,O61,delivered,6:12:00 PM,R4
62,O62,notdelivered,7:29:00 PM,R5
63,O63,notdelivered,3:14:00 AM,R6
64,O64,notdelivered,3:05:00 PM,R7
65,O65,delivered,1:01:00 PM,R1
66,O66,delivered,11:32:00 AM,R2
67,O67,delivered,7:30:00 PM,R3
68,O68,delivered,10:53:00 AM,R4
69,O69,notdelivered,3:25:00 AM,R5
70,O70,delivered,4:56:00 AM,R6
71,O71,notdelivered,5:46:00 PM,R7
72,O72,delivered,3:01:00 PM,R1
73,O73,delivered,4:10:00 AM,R2
74,O74,notdelivered,5:02:00 PM,R3
75,O75,delivered,1:50:00 AM,R4
76,O76,notdelivered,1:10:00 AM,R5
77,O77,notdelivered,9:44:00 AM,R6
78,O78,notdelivered,2:49:00 AM,R7
79,O79,notdelivered,11:09:00 PM,R1
80,O80,delivered,12:20:00 PM,R2
81,O81,delivered,5:03:00 PM,R3
82,O82,delivered,1:52:00 PM,R4
83,O83,delivered,4:03:00 AM,R5
84,O84,delivered,11:56:00 PM,R6
85,O85,delivered,8:07:00 PM,R7
86,O86,notdelivered,6:51:00 PM,R6
87,O87,delivered,12:33:00 PM,R7
88,O88,notdelivered,6:19:00 PM,R1
89,O89,notdelivered,4:29:00 AM,R2
90,O90,notdelivered,1:24:00 PM,R3
91,O91,delivered,1:23:00 PM,R4
92,O92,notdelivered,6:57:00 PM,R5
93,O93,notdelivered,11:30:00 PM,R6
94,O94,delivered,10:06:00 AM,R7
95,O95,delivered,3:07:00 PM,R1
96,O96,notdelivered,12:16:00 AM,R2
97,O97,notdelivered,11:06:00 PM,R3
98,O98,delivered,9:51:00 AM,R4
99,O99,notdelivered,9:06:00 PM,R1
100,O100,notdelivered,4:31:00 AM,R2
101,O101,notdelivered,12:25:00 AM,R3
102,O102,delivered,11:25:00 AM,R4
103,O103,delivered,9:01:00 AM,R5
104,O104,notdelivered,6:55:00 PM,R6
105,O105,notdelivered,9:12:00 PM,R7
106,O106,delivered,12:03:00 PM,R6
107,O107,notdelivered,11:42:00 AM,R7
108,O108,notdelivered,11:01:00 AM,R1
109,O109,delivered,9:00:00 AM,R2
110,O110,notdelivered,2:06:00 PM,R3
111,O111,notdelivered,11:29:00 AM,R4
112,O112,delivered,9:25:00 PM,R5
113,O113,notdelivered,6:49:00 PM,R6
114,O114,notdelivered,6:58:00 AM,R7
115,O115,notdelivered,12:54:00 AM,R5
116,O116,notdelivered,11:01:00 AM,R6
117,O117,delivered,11:07:00 PM,R7
118,O118,notdelivered,9:15:00 AM,R6
119,O119,delivered,11:42:00 AM,R7
120,O120,notdelivered,1:26:00 PM,R1
121,O121,notdelivered,5:47:00 AM,R2
122,O122,delivered,1:50:00 AM,R3
123,O123,delivered,8:09:00 AM,R4
124,O124,notdelivered,9:44:00 PM,R5
125,O125,delivered,10:56:00 PM,R6
126,O126,delivered,9:26:00 AM,R7
127,O127,delivered,8:32:00 PM,R1
128,O128,notdelivered,5:50:00 AM,R2
129,O129,notdelivered,5:08:00 AM,R3
130,O130,delivered,12:51:00 AM,R4
131,O131,notdelivered,11:51:00 PM,R5
132,O132,notdelivered,11:01:00 PM,R6
133,O133,delivered,8:26:00 PM,R7
134,O134,delivered,6:59:00 AM,R1
135,O135,notdelivered,6:32:00 PM,R2
136,O136,delivered,5:19:00 PM,R3
137,O137,delivered,3:34:00 AM,R4
138,O138,notdelivered,10:30:00 PM,R5
139,O139,delivered,4:24:00 PM,R6
140,O140,delivered,6:58:00 AM,R7
141,O141,notdelivered,4:11:00 PM,R1
142,O142,delivered,1:44:00 AM,R2
143,O143,notdelivered,11:51:00 PM,R4
144,O144,delivered,6:56:00 PM,R5
145,O145,delivered,7:54:00 PM,R6
146,O146,notdelivered,6:34:00 PM,R7
147,O147,delivered,5:52:00 PM,R6
148,O148,notdelivered,3:29:00 AM,R7
149,O149,delivered,10:02:00 AM,R1
150,O150,delivered,3:44:00 PM,R2
151,O151,delivered,12:56:00 AM,R3
152,O152,delivered,2:17:00 AM,R4
153,O153,delivered,2:51:00 PM,R5
154,O154,delivered,2:24:00 PM,R6
155,O155,notdelivered,7:24:00 AM,R7
156,O156,notdelivered,2:01:00 AM,R1
157,O157,delivered,10:19:00 AM,R2
158,O158,notdelivered,1:03:00 AM,R3
159,O159,delivered,12:24:00 AM,R4
160,O160,notdelivered,1:20:00 PM,R1
161,O161,delivered,6:35:00 AM,R2
162,O162,notdelivered,5:15:00 AM,R3
163,O163,delivered,8:57:00 PM,R4
164,O164,notdelivered,12:34:00 AM,R5
165,O165,notdelivered,5:50:00 AM,R6
166,O166,delivered,12:37:00 PM,R7
167,O167,delivered,1:38:00 AM,R6
168,O168,delivered,4:19:00 AM,R7
169,O169,notdelivered,3:16:00 AM,R1
170,O170,notdelivered,5:07:00 PM,R2
171,O171,delivered,1:02:00 AM,R3
172,O172,notdelivered,7:42:00 PM,R4
173,O173,notdelivered,8:22:00 AM,R5
174,O174,delivered,10:52:00 PM,R6
175,O175,delivered,8:05:00 AM,R7
176,O176,notdelivered,8:23:00 AM,R1
177,O177,delivered,12:09:00 AM,R2
178,O178,notdelivered,2:49:00 AM,R3
179,O179,delivered,3:59:00 AM,R4
180,O180,notdelivered,8:25:00 PM,R5
181,O181,delivered,4:32:00 AM,R6
182,O182,notdelivered,12:48:00 AM,R7
183,O183,delivered,2:54:00 PM,R1
184,O184,notdelivered,1:34:00 AM,R2
185,O185,notdelivered,8:28:00 PM,R3
186,O186,delivered,12:08:00 AM,R4
187,O187,delivered,10:45:00 PM,R5
188,O188,notdelivered,12:19:00 AM,R6
189,O189,notdelivered,11:10:00 PM,R7
190,O190,notdelivered,2:01:00 AM,R1
191,O191,delivered,10:10:00 PM,R2
192,O192,notdelivered,12:49:00 PM,R3
193,O193,notdelivered,9:48:00 AM,R4
194,O194,delivered,7:20:00 AM,R5
195,O195,delivered,9:50:00 AM,R6
196,O196,notdelivered,10:53:00 PM,R7
197,O197,notdelivered,12:00:00 PM,R1
198,O198,notdelivered,1:31:00 AM,R2
199,O199,notdelivered,10:20:00 AM,R3
200,O200,notdelivered,3:04:00 AM,R4
201,O201,delivered,5:37:00 PM,R5
202,O202,notdelivered,2:40:00 AM,R6
203,O203,delivered,8:22:00 PM,R7
204,O204,notdelivered,10:44:00 PM,R6
205,O205,delivered,9:29:00 PM,R7
206,O206,notdelivered,11:31:00 AM,R1
207,O207,delivered,5:21:00 PM,R2
208,O208,delivered,1:20:00 PM,R3
209,O209,delivered,6:58:00 AM,R4
210,O210,delivered,2:05:00 AM,R5
211,O211,delivered,8:51:00 AM,R6
212,O212,delivered,2:46:00 PM,R7
213,O213,delivered,11:47:00 AM,R1
214,O214,notdelivered,12:50:00 AM,R2
215,O215,delivered,10:07:00 AM,R3
216,O216,delivered,4:17:00 AM,R4
217,O217,delivered,6:37:00 PM,R1
218,O218,delivered,9:46:00 AM,R2
219,O219,delivered,11:33:00 PM,R3
220,O220,notdelivered,5:20:00 PM,R4
221,O221,delivered,3:42:00 PM,R5
222,O222,delivered,12:44:00 AM,R6
223,O223,notdelivered,8:11:00 AM,R7
224,O224,notdelivered,5:38:00 PM,R6
225,O225,delivered,7:52:00 PM,R7
226,O226,delivered,12:00:00 PM,R1
227,O227,notdelivered,10:46:00 AM,R2
228,O228,delivered,8:28:00 AM,R3
229,O229,delivered,3:50:00 AM,R4
230,O230,delivered,2:14:00 AM,R5
231,O231,delivered,2:02:00 AM,R6
232,O232,delivered,1:59:00 AM,R7
233,O233,delivered,7:43:00 AM,R5
234,O234,notdelivered,12:17:00 PM,R6
235,O235,delivered,10:55:00 PM,R7
236,O236,delivered,2:27:00 PM,R6
237,O237,notdelivered,6:53:00 PM,R7
238,O238,delivered,4:55:00 PM,R1
239,O239,delivered,8:46:00 AM,R2
240,O240,notdelivered,5:45:00 PM,R3
241,O241,delivered,9:59:00 PM,R4
242,O242,notdelivered,3:12:00 PM,R5
243,O243,notdelivered,5:58:00 PM,R6
244,O244,delivered,1:23:00 AM,R7
245,O245,notdelivered,7:09:00 PM,R1
246,O246,delivered,6:06:00 PM,R2
247,O247,notdelivered,2:38:00 AM,R3
248,O248,delivered,12:02:00 PM,R4
249,O249,delivered,12:03:00 AM,R5
250,O250,delivered,1:30:00 PM,R6
251,O251,delivered,11:48:00 PM,R7
252,O252,notdelivered,7:07:00 PM,R1
253,O253,notdelivered,10:34:00 AM,R2
254,O254,notdelivered,5:16:00 PM,R3
255,O255,delivered,3:40:00 AM,R4
256,O256,delivered,11:41:00 AM,R5
257,O257,notdelivered,4:32:00 PM,R6
258,O258,notdelivered,3:01:00 AM,R7
259,O259,delivered,1:00:00 AM,R1
260,O260,delivered,4:56:00 AM,R2
261,O261,delivered,12:28:00 PM,R4
262,O262,delivered,4:29:00 AM,R5
263,O263,delivered,6:19:00 AM,R6
264,O264,notdelivered,1:00:00 AM,R7
265,O265,delivered,8:31:00 AM,R6
266,O266,notdelivered,12:41:00 PM,R7
267,O267,delivered,7:34:00 AM,R1
268,O268,notdelivered,6:35:00 PM,R2
269,O269,notdelivered,1:59:00 AM,R3
270,O270,delivered,9:38:00 AM,R4
271,O271,notdelivered,5:38:00 PM,R5
272,O272,delivered,1:21:00 PM,R6
273,O273,notdelivered,3:50:00 AM,R7
274,O274,delivered,9:27:00 AM,R1
275,O275,notdelivered,1:16:00 AM,R2
276,O276,delivered,6:54:00 AM,R3
277,O277,notdelivered,3:01:00 AM,R4
278,O278,notdelivered,7:45:00 AM,R1
279,O279,delivered,10:40:00 AM,R2
280,O280,delivered,7:26:00 PM,R3
281,O281,notdelivered,1:23:00 AM,R4
282,O282,notdelivered,1:26:00 AM,R5
283,O283,notdelivered,5:27:00 AM,R6
284,O284,delivered,2:08:00 PM,R7
285,O285,notdelivered,5:10:00 AM,R6
286,O286,notdelivered,9:32:00 AM,R7
287,O287,notdelivered,11:53:00 PM,R1
288,O288,notdelivered,5:39:00 PM,R2
289,O289,notdelivered,4:01:00 AM,R3
290,O290,notdelivered,1:23:00 PM,R4
291,O291,notdelivered,2:58:00 AM,R5
292,O292,notdelivered,6:18:00 PM,R6
293,O293,notdelivered,8:05:00 AM,R7
294,O294,notdelivered,3:10:00 PM,R1
295,O295,notdelivered,4:20:00 PM,R2
296,O296,delivered,8:09:00 PM,R3
297,O297,notdelivered,2:38:00 PM,R4
298,O298,delivered,6:53:00 PM,R5
299,O299,notdelivered,8:15:00 PM,R6
300,O300,delivered,10:17:00 PM,R7
301,O301,delivered,1:53:00 PM,R1
302,O302,notdelivered,2:24:00 AM,R2
303,O303,notdelivered,10:54:00 PM,R3
304,O304,delivered,11:57:00 PM,R4
305,O305,notdelivered,7:32:00 PM,R5
306,O306,delivered,4:52:00 AM,R6
307,O307,delivered,2:18:00 AM,R7
308,O308,delivered,8:13:00 PM,R1
309,O309,notdelivered,4:10:00 PM,R2
310,O310,notdelivered,11:42:00 PM,R3
311,O311,notdelivered,1:09:00 PM,R4
312,O312,delivered,7:37:00 PM,R5
313,O313,delivered,6:11:00 PM,R6
314,O314,notdelivered,12:13:00 AM,R7
315,O315,notdelivered,11:09:00 AM,R1
316,O316,notdelivered,11:07:00 PM,R2
317,O317,notdelivered,4:17:00 PM,R3
318,O318,notdelivered,3:32:00 AM,R4
319,O319,delivered,7:38:00 PM,R5
320,O320,delivered,11:14:00 PM,R6
321,O321,delivered,7:50:00 AM,R7
322,O322,notdelivered,7:17:00 AM,R6
323,O323,delivered,5:44:00 AM,R7
324,O324,notdelivered,12:32:00 PM,R1
325,O325,delivered,6:48:00 PM,R2
326,O326,notdelivered,2:47:00 AM,R3
327,O327,notdelivered,12:25:00 AM,R4
328,O328,notdelivered,9:48:00 AM,R5
329,O329,delivered,7:28:00 PM,R6
330,O330,notdelivered,12:43:00 PM,R7
331,O331,notdelivered,1:58:00 AM,R1
332,O332,delivered,11:24:00 AM,R2
333,O333,delivered,6:28:00 AM,R3
334,O334,notdelivered,3:06:00 PM,R4
335,O335,notdelivered,6:59:00 PM,R1
336,O336,notdelivered,1:52:00 PM,R2
337,O337,notdelivered,11:02:00 AM,R3
338,O338,notdelivered,9:30:00 PM,R4
339,O339,delivered,1:45:00 PM,R5
340,O340,delivered,7:09:00 PM,R6
341,O341,delivered,2:22:00 PM,R7
342,O342,delivered,6:30:00 AM,R6
343,O343,notdelivered,10:26:00 PM,R7
344,O344,notdelivered,4:00:00 PM,R1
345,O345,notdelivered,11:34:00 PM,R2
346,O346,delivered,8:17:00 PM,R3
347,O347,notdelivered,1:49:00 PM,R4
348,O348,delivered,1:51:00 PM,R5
349,O349,delivered,9:26:00 PM,R6
350,O350,notdelivered,10:48:00 PM,R7
351,O351,notdelivered,3:52:00 AM,R5
352,O352,delivered,1:50:00 AM,R6
353,O353,notdelivered,3:57:00 PM,R7
354,O354,notdelivered,8:21:00 AM,R6
355,O355,notdelivered,5:20:00 PM,R7
356,O356,delivered,4:03:00 PM,R1
357,O357,notdelivered,7:43:00 PM,R2
358,O358,notdelivered,9:19:00 PM,R3
359,O359,notdelivered,1:02:00 AM,R4
360,O360,delivered,8:12:00 PM,R5
361,O361,notdelivered,6:24:00 AM,R6
362,O362,notdelivered,5:13:00 PM,R7
363,O363,notdelivered,11:16:00 PM,R1
364,O364,notdelivered,2:03:00 AM,R2
365,O365,notdelivered,4:27:00 PM,R3
366,O366,delivered,11:36:00 AM,R4
367,O367,notdelivered,6:41:00 AM,R5
368,O368,delivered,2:48:00 PM,R6
369,O369,delivered,9:30:00 AM,R7
370,O370,delivered,1:28:00 AM,R1
371,O371,delivered,12:51:00 AM,R2
372,O372,notdelivered,9:10:00 PM,R3
373,O373,notdelivered,2:22:00 PM,R4
374,O374,delivered,9:19:00 PM,R5
375,O375,delivered,11:37:00 AM,R6
376,O376,notdelivered,9:07:00 PM,R7
377,O377,notdelivered,9:31:00 AM,R1
378,O378,delivered,2:29:00 PM,R2
379,O379,delivered,1:29:00 AM,R5
380,O380,delivered,8:53:00 AM,R6
381,O381,delivered,6:29:00 PM,R7
382,O382,notdelivered,8:40:00 AM,R1
383,O383,delivered,4:51:00 AM,R2
384,O384,notdelivered,3:31:00 PM,R3
385,O385,delivered,7:17:00 AM,R4
386,O386,notdelivered,5:55:00 AM,R5
387,O387,delivered,1:38:00 PM,R6
388,O388,notdelivered,1:33:00 AM,R7
389,O389,notdelivered,1:06:00 AM,R1
390,O390,notdelivered,7:17:00 AM,R2
391,O391,delivered,3:46:00 AM,R4
392,O392,notdelivered,3:01:00 AM,R5
393,O393,notdelivered,2:04:00 PM,R6
394,O394,delivered,4:14:00 AM,R7
395,O395,notdelivered,11:24:00 PM,R6
396,O396,delivered,5:20:00 PM,R7
397,O397,notdelivered,5:18:00 PM,R1
398,O398,delivered,8:38:00 AM,R2
399,O399,notdelivered,7:36:00 PM,R3
400,O400,delivered,9:53:00 AM,R4
401,O401,delivered,1:44:00 AM,R5
402,O402,notdelivered,3:05:00 AM,R6
403,O403,notdelivered,2:09:00 AM,R7
404,O404,delivered,10:05:00 PM,R1
405,O405,notdelivered,3:24:00 AM,R2
406,O406,notdelivered,2:21:00 PM,R3
407,O407,notdelivered,12:49:00 AM,R4
408,O408,delivered,7:04:00 AM,R1
409,O409,notdelivered,3:40:00 PM,R2
410,O410,notdelivered,6:20:00 AM,R3
411,O411,delivered,3:41:00 AM,R4
412,O412,delivered,11:39:00 PM,R5
413,O413,notdelivered,5:37:00 AM,R6
414,O414,delivered,5:19:00 PM,R7
415,O415,notdelivered,9:29:00 AM,R6
416,O416,delivered,3:15:00 PM,R7
417,O417,notdelivered,3:10:00 AM,R1
418,O418,delivered,4:19:00 AM,R2
419,O419,delivered,7:34:00 AM,R3
420,O420,notdelivered,2:52:00 AM,R4
421,O421,notdelivered,11:22:00 AM,R5
422,O422,delivered,12:34:00 PM,R6
423,O423,delivered,10:58:00 PM,R7
424,O424,notdelivered,7:16:00 PM,R1
425,O425,delivered,4:18:00 AM,R2
426,O426,notdelivered,11:43:00 PM,R3
427,O427,notdelivered,9:21:00 PM,R4
428,O428,notdelivered,3:41:00 PM,R5
429,O429,notdelivered,7:56:00 PM,R6
430,O430,delivered,2:51:00 PM,R7
431,O431,delivered,11:47:00 AM,R1
432,O432,notdelivered,4:29:00 PM,R2
433,O433,notdelivered,11:52:00 AM,R3
434,O434,notdelivered,5:27:00 AM,R4
435,O435,notdelivered,3:08:00 AM,R5
436,O436,delivered,12:41:00 PM,R6
437,O437,delivered,7:45:00 PM,R7
438,O438,notdelivered,11:25:00 AM,R1
439,O439,notdelivered,8:32:00 AM,R2
440,O440,notdelivered,10:01:00 AM,R3
441,O441,delivered,9:59:00 PM,R4
442,O442,notdelivered,3:45:00 PM,R5
443,O443,delivered,2:36:00 AM,R6
444,O444,delivered,6:35:00 AM,R7
445,O445,notdelivered,5:49:00 PM,R1
446,O446,notdelivered,5:00:00 AM,R2
447,O447,notdelivered,1:58:00 AM,R3
448,O448,delivered,11:55:00 PM,R4
449,O449,delivered,9:48:00 AM,R5
450,O450,delivered,3:49:00 PM,R6
451,O451,notdelivered,12:21:00 PM,R7
452,O452,notdelivered,2:34:00 AM,R6
453,O453,delivered,9:20:00 AM,R7
454,O454,notdelivered,7:47:00 AM,R1
455,O455,notdelivered,10:05:00 AM,R2
456,O456,delivered,4:22:00 AM,R3
457,O457,delivered,5:07:00 PM,R4
458,O458,notdelivered,7:59:00 AM,R5
459,O459,delivered,1:04:00 AM,R6
460,O460,notdelivered,9:53:00 PM,R7
461,O461,notdelivered,1:05:00 PM,R1
462,O462,notdelivered,12:26:00 AM,R2
463,O463,delivered,3:44:00 AM,R3
464,O464,notdelivered,4:55:00 AM,R4
465,O465,notdelivered,4:55:00 AM,R1
466,O466,notdelivered,12:00:00 AM,R2
467,O467,notdelivered,3:18:00 AM,R3
468,O468,delivered,3:41:00 PM,R4
469,O469,notdelivered,1:27:00 AM,R5
470,O470,delivered,12:10:00 AM,R6
471,O471,delivered,9:03:00 AM,R7
472,O472,notdelivered,9:14:00 AM,R6
473,O473,notdelivered,3:09:00 PM,R7
474,O474,delivered,10:32:00 AM,R1
475,O475,delivered,10:10:00 AM,R2
476,O476,delivered,8:09:00 AM,R3
477,O477,notdelivered,4:53:00 AM,R4
478,O478,notdelivered,8:47:00 PM,R5
479,O479,notdelivered,8:08:00 PM,R6
480,O480,notdelivered,6:53:00 PM,R7
481,O481,delivered,8:01:00 AM,R5
482,O482,notdelivered,2:17:00 PM,R6
483,O483,notdelivered,8:36:00 PM,R7
484,O484,notdelivered,12:21:00 AM,R6
485,O485,notdelivered,6:32:00 AM,R7
486,O486,notdelivered,12:34:00 AM,R1
487,O487,notdelivered,6:37:00 AM,R2
488,O488,notdelivered,3:21:00 PM,R3
489,O489,delivered,3:43:00 AM,R4
490,O490,delivered,10:10:00 AM,R5
491,O491,notdelivered,2:26:00 AM,R6
492,O492,delivered,1:16:00 PM,R7
493,O493,delivered,1:57:00 PM,R1
494,O494,notdelivered,8:09:00 PM,R2
495,O495,notdelivered,8:13:00 AM,R3
496,O496,delivered,9:11:00 AM,R4
497,O497,delivered,7:16:00 AM,R5
498,O498,notdelivered,8:29:00 AM,R6
499,O499,delivered,2:22:00 AM,R7
500,O500,delivered,10:18:00 AM,R1
501,O501,notdelivered,5:37:00 PM,R2
502,O502,delivered,10:39:00 PM,R3
503,O503,notdelivered,6:05:00 AM,R4
504,O504,notdelivered,4:19:00 AM,R5
505,O505,delivered,3:47:00 PM,R6
506,O506,notdelivered,1:36:00 PM,R5
507,O507,delivered,9:19:00 PM,R6
508,O508,delivered,10:35:00 AM,R7
509,O509,delivered,11:47:00 AM,R1
510,O510,notdelivered,2:34:00 PM,R2
511,O511,notdelivered,4:07:00 PM,R3
512,O512,notdelivered,7:28:00 PM,R4
513,O513,notdelivered,2:18:00 AM,R5
514,O514,notdelivered,6:39:00 AM,R6
515,O515,delivered,9:08:00 PM,R7
516,O516,notdelivered,4:36:00 PM,R1
517,O517,notdelivered,7:48:00 PM,R2
518,O518,delivered,1:36:00 AM,R4
519,O519,delivered,12:44:00 AM,R5
520,O520,delivered,8:44:00 AM,R6
521,O521,delivered,7:31:00 AM,R7
522,O522,notdelivered,12:24:00 PM,R6
523,O523,notdelivered,3:13:00 AM,R7
524,O524,delivered,11:53:00 AM,R1
525,O525,delivered,5:14:00 PM,R2
526,O526,notdelivered,4:14:00 AM,R3
527,O527,notdelivered,11:14:00 AM,R4
528,O528,delivered,1:34:00 PM,R5
529,O529,delivered,5:56:00 PM,R6
530,O530,delivered,12:44:00 AM,R7
531,O531,notdelivered,9:02:00 AM,R1
532,O532,notdelivered,6:26:00 AM,R2
533,O533,notdelivered,9:21:00 PM,R3
534,O534,delivered,10:35:00 PM,R4
535,O535,delivered,2:11:00 PM,R1
536,O536,notdelivered,3:33:00 AM,R2
537,O537,delivered,9:58:00 PM,R3
538,O538,notdelivered,8:38:00 PM,R4
539,O539,delivered,10:24:00 AM,R5
540,O540,notdelivered,12:39:00 PM,R6
541,O541,notdelivered,9:53:00 AM,R7
542,O542,delivered,11:38:00 AM,R6
543,O543,delivered,12:19:00 AM,R7
544,O544,delivered,11:39:00 PM,R1
545,O545,notdelivered,1:09:00 PM,R2
546,O546,notdelivered,1:44:00 AM,R3
547,O547,delivered,3:39:00 AM,R4
548,O548,notdelivered,2:24:00 PM,R5
549,O549,delivered,2:28:00 AM,R6
550,O550,delivered,8:15:00 PM,R7
551,O551,delivered,3:17:00 AM,R1
552,O552,notdelivered,2:51:00 AM,R2
553,O553,delivered,2:33:00 AM,R3
554,O554,delivered,1:53:00 AM,R4
555,O555,notdelivered,11:25:00 PM,R5
556,O556,notdelivered,12:52:00 AM,R6
557,O557,delivered,3:28:00 AM,R7
558,O558,delivered,4:55:00 AM,R1
559,O559,delivered,4:12:00 PM,R2
560,O560,delivered,9:37:00 PM,R3
561,O561,delivered,7:44:00 PM,R4
562,O562,delivered,8:53:00 AM,R5
563,O563,notdelivered,3:13:00 AM,R6
564,O564,notdelivered,5:19:00 AM,R7
565,O565,notdelivered,7:57:00 AM,R1
566,O566,notdelivered,10:31:00 PM,R2
567,O567,delivered,5:40:00 PM,R3
568,O568,notdelivered,12:40:00 PM,R4
569,O569,delivered,3:32:00 AM,R5
570,O570,delivered,4:12:00 AM,R6
571,O571,notdelivered,5:59:00 AM,R7
572,O572,delivered,11:01:00 PM,R1
573,O573,notdelivered,4:05:00 PM,R2
574,O574,notdelivered,3:37:00 PM,R3
575,O575,notdelivered,6:16:00 AM,R4
576,O576,notdelivered,7:07:00 PM,R5
577,O577,delivered,1:22:00 AM,R6
578,O578,delivered,9:32:00 AM,R7
579,O579,delivered,10:05:00 AM,R6
580,O580,notdelivered,5:38:00 PM,R7
581,O581,delivered,6:42:00 PM,R1
582,O582,notdelivered,2:05:00 PM,R2
583,O583,notdelivered,4:47:00 AM,R3
584,O584,delivered,8:43:00 AM,R4
585,O585,notdelivered,11:06:00 PM,R5
586,O586,delivered,11:10:00 AM,R6
587,O587,delivered,9:15:00 PM,R7
588,O588,notdelivered,10:26:00 AM,R1
589,O589,delivered,4:56:00 PM,R2
590,O590,notdelivered,9:13:00 PM,R3
591,O591,notdelivered,8:17:00 PM,R4
592,O592,delivered,1:15:00 PM,R1
593,O593,notdelivered,6:14:00 PM,R2
594,O594,delivered,1:19:00 PM,R3
595,O595,notdelivered,1:32:00 PM,R4
596,O596,delivered,1:08:00 AM,R5
597,O597,delivered,9:47:00 PM,R6
598,O598,delivered,11:20:00 AM,R7
599,O599,delivered,12:18:00 AM,R6
600,O600,notdelivered,1:42:00 PM,R7
601,O601,delivered,1:47:00 PM,R1
602,O602,notdelivered,9:12:00 AM,R2
603,O603,delivered,12:08:00 PM,R3
604,O604,delivered,5:16:00 AM,R4
605,O605,delivered,7:39:00 AM,R5
606,O606,delivered,9:52:00 PM,R6
607,O607,notdelivered,8:13:00 AM,R7
608,O608,notdelivered,3:22:00 AM,R5
609,O609,delivered,11:52:00 AM,R6
610,O610,notdelivered,4:17:00 AM,R7
611,O611,delivered,10:29:00 PM,R6
612,O612,delivered,10:42:00 PM,R7
613,O613,delivered,6:36:00 PM,R1
614,O614,delivered,4:36:00 PM,R2
615,O615,delivered,7:44:00 PM,R3
616,O616,notdelivered,1:53:00 PM,R4
617,O617,delivered,6:56:00 AM,R5
618,O618,delivered,8:57:00 PM,R6
619,O619,delivered,4:24:00 PM,R7
620,O620,notdelivered,5:20:00 PM,R1
621,O621,notdelivered,3:29:00 AM,R2
622,O622,delivered,6:59:00 PM,R3
623,O623,notdelivered,7:14:00 AM,R4
624,O624,notdelivered,2:17:00 PM,R5
625,O625,delivered,9:07:00 AM,R6
626,O626,notdelivered,8:38:00 PM,R7
627,O627,notdelivered,2:00:00 PM,R1
628,O628,notdelivered,10:32:00 AM,R2
629,O629,notdelivered,8:21:00 AM,R3
630,O630,delivered,10:35:00 PM,R4
631,O631,delivered,11:38:00 PM,R5
632,O632,notdelivered,1:10:00 PM,R6
633,O633,delivered,11:49:00 AM,R5
634,O634,notdelivered,10:35:00 PM,R6
635,O635,delivered,2:52:00 PM,R7
636,O636,notdelivered,9:18:00 AM,R1
637,O637,notdelivered,10:24:00 AM,R2
638,O638,delivered,9:02:00 AM,R3
639,O639,notdelivered,4:21:00 AM,R4
640,O640,delivered,12:07:00 PM,R5
641,O641,delivered,10:51:00 AM,R6
642,O642,delivered,9:58:00 PM,R7
643,O643,notdelivered,12:32:00 AM,R1
644,O644,notdelivered,1:42:00 AM,R2
645,O645,delivered,9:38:00 PM,R4
646,O646,delivered,8:01:00 AM,R5
647,O647,notdelivered,9:01:00 AM,R6
648,O648,notdelivered,1:01:00 PM,R7
649,O649,delivered,7:27:00 PM,R6
650,O650,delivered,6:57:00 PM,R7
651,O651,delivered,7:13:00 PM,R1
652,O652,delivered,1:04:00 PM,R2
653,O653,notdelivered,9:20:00 AM,R3
654,O654,notdelivered,10:18:00 PM,R4
655,O655,notdelivered,12:20:00 PM,R5
656,O656,notdelivered,4:02:00 AM,R6
657,O657,notdelivered,7:44:00 AM,R7
658,O658,notdelivered,1:10:00 AM,R1
659,O659,delivered,7:22:00 AM,R2
660,O660,notdelivered,1:01:00 AM,R3
661,O661,notdelivered,1:39:00 PM,R4
662,O662,notdelivered,4:47:00 AM,R1
663,O663,delivered,3:21:00 AM,R2
664,O664,delivered,10:53:00 PM,R3
665,O665,notdelivered,8:43:00 PM,R4
666,O666,notdelivered,2:24:00 AM,R5
667,O667,notdelivered,3:39:00 PM,R6
668,O668,delivered,2:52:00 AM,R7
669,O669,notdelivered,9:55:00 PM,R6
670,O670,delivered,11:41:00 PM,R7
671,O671,notdelivered,11:19:00 PM,R1
672,O672,notdelivered,1:23:00 PM,R2
673,O673,delivered,8:18:00 PM,R3
674,O674,delivered,11:22:00 AM,R4
675,O675,notdelivered,10:11:00 AM,R5
676,O676,delivered,9:01:00 AM,R6
677,O677,notdelivered,8:25:00 AM,R7
678,O678,notdelivered,3:18:00 AM,R1
679,O679,delivered,9:08:00 AM,R2
680,O680,notdelivered,9:37:00 PM,R3
681,O681,delivered,3:11:00 AM,R4
682,O682,notdelivered,5:39:00 PM,R5
683,O683,delivered,1:24:00 AM,R6
684,O684,delivered,1:00:00 PM,R7
685,O685,delivered,4:33:00 AM,R1
686,O686,delivered,2:53:00 AM,R2
687,O687,notdelivered,9:55:00 PM,R3
688,O688,notdelivered,8:04:00 AM,R4
689,O689,delivered,3:00:00 AM,R5
690,O690,notdelivered,5:32:00 PM,R6
691,O691,delivered,2:53:00 AM,R7
692,O692,delivered,4:07:00 PM,R1
693,O693,notdelivered,8:28:00 PM,R2
694,O694,notdelivered,5:25:00 AM,R3
695,O695,notdelivered,7:33:00 AM,R4
696,O696,delivered,12:00:00 PM,R5
697,O697,delivered,2:21:00 AM,R6
698,O698,notdelivered,1:51:00 PM,R7
699,O699,delivered,4:58:00 AM,R1
700,O700,notdelivered,9:54:00 PM,R2
701,O701,delivered,7:54:00 AM,R3
702,O702,notdelivered,4:53:00 AM,R4
703,O703,delivered,7:16:00 PM,R5
704,O704,notdelivered,10:44:00 AM,R6
705,O705,notdelivered,1:31:00 AM,R7
706,O706,delivered,10:15:00 AM,R6
707,O707,notdelivered,11:31:00 PM,R7
708,O708,delivered,12:38:00 AM,R1
709,O709,notdelivered,9:24:00 PM,R2
710,O710,notdelivered,10:53:00 PM,R3
711,O711,delivered,11:47:00 AM,R4
712,O712,delivered,2:05:00 PM,R5
713,O713,delivered,1:54:00 PM,R6
714,O714,notdelivered,9:43:00 AM,R7
715,O715,delivered,8:02:00 AM,R1
716,O716,notdelivered,12:56:00 PM,R2
717,O717,delivered,11:15:00 PM,R3
718,O718,delivered,5:11:00 AM,R4
719,O719,delivered,9:33:00 PM,R1
720,O720,notdelivered,6:58:00 AM,R2
721,O721,notdelivered,2:36:00 AM,R3
722,O722,delivered,7:04:00 AM,R4
723,O723,notdelivered,11:24:00 AM,R5
724,O724,notdelivered,4:20:00 PM,R6
725,O725,delivered,1:40:00 PM,R7
726,O726,delivered,6:33:00 AM,R6
727,O727,notdelivered,11:51:00 PM,R7
728,O728,notdelivered,7:31:00 PM,R1
729,O729,notdelivered,9:04:00 PM,R2
730,O730,notdelivered,4:02:00 AM,R3
731,O731,notdelivered,8:06:00 AM,R4
732,O732,delivered,6:40:00 AM,R5
733,O733,delivered,12:34:00 PM,R6
734,O734,delivered,4:45:00 PM,R7
735,O735,delivered,9:45:00 AM,R5
736,O736,notdelivered,11:20:00 PM,R6
737,O737,delivered,7:49:00 PM,R7
738,O738,notdelivered,9:37:00 AM,R6
739,O739,delivered,6:48:00 AM,R7
740,O740,notdelivered,10:40:00 PM,R1
741,O741,delivered,4:01:00 PM,R2
742,O742,delivered,2:42:00 PM,R3
743,O743,delivered,6:18:00 PM,R4
744,O744,delivered,6:29:00 PM,R5
745,O745,delivered,1:56:00 PM,R6
746,O746,delivered,11:45:00 PM,R7
747,O747,notdelivered,9:37:00 PM,R1
748,O748,delivered,6:26:00 AM,R2
749,O749,delivered,5:44:00 AM,R3
750,O750,notdelivered,4:49:00 PM,R4
751,O751,notdelivered,1:56:00 PM,R5
752,O752,delivered,5:06:00 AM,R6
753,O753,notdelivered,7:54:00 AM,R7
754,O754,notdelivered,4:17:00 PM,R1
755,O755,notdelivered,11:19:00 AM,R2
756,O756,delivered,6:44:00 AM,R3
757,O757,delivered,9:40:00 AM,R4
758,O758,notdelivered,8:31:00 PM,R5
759,O759,notdelivered,4:56:00 PM,R6
760,O760,notdelivered,11:27:00 AM,R5
761,O761,notdelivered,3:32:00 PM,R6
762,O762,notdelivered,8:48:00 AM,R7
763,O763,delivered,9:51:00 PM,R1
764,O764,delivered,4:21:00 AM,R2
765,O765,notdelivered,12:35:00 PM,R3
766,O766,notdelivered,8:59:00 AM,R4
767,O767,delivered,6:00:00 AM,R5
768,O768,delivered,6:29:00 AM,R6
769,O769,notdelivered,1:47:00 PM,R7
770,O770,delivered,8:11:00 AM,R1
771,O771,delivered,4:16:00 AM,R2
772,O772,notdelivered,11:45:00 PM,R4
773,O773,notdelivered,1:12:00 AM,R5
774,O774,notdelivered,7:19:00 AM,R6
775,O775,delivered,3:46:00 PM,R7
776,O776,notdelivered,4:00:00 PM,R6
777,O777,delivered,1:02:00 PM,R7
778,O778,notdelivered,1:44:00 PM,R1
779,O779,delivered,5:52:00 PM,R2
780,O780,notdelivered,3:23:00 PM,R3
781,O781,notdelivered,9:47:00 PM,R4
782,O782,notdelivered,5:41:00 AM,R5
783,O783,notdelivered,6:10:00 PM,R6
784,O784,delivered,4:41:00 AM,R7
785,O785,delivered,4:12:00 AM,R1
786,O786,delivered,10:49:00 PM,R2
787,O787,delivered,7:43:00 AM,R3
788,O788,delivered,3:49:00 PM,R4
789,O789,notdelivered,8:26:00 PM,R1
790,O790,notdelivered,10:48:00 PM,R2
791,O791,notdelivered,8:19:00 AM,R3
792,O792,notdelivered,8:41:00 PM,R4
793,O793,notdelivered,9:34:00 AM,R5
794,O794,delivered,7:34:00 AM,R6
795,O795,notdelivered,2:46:00 PM,R7
796,O796,notdelivered,11:50:00 PM,R6
797,O797,notdelivered,2:11:00 AM,R7
798,O798,notdelivered,11:13:00 AM,R1
799,O799,delivered,11:57:00 PM,R2
800,O800,delivered,1:18:00 AM,R3
801,O801,delivered,5:30:00 PM,R4
802,O802,delivered,9:58:00 PM,R5
803,O803,delivered,1:06:00 AM,R6
804,O804,notdelivered,10:17:00 PM,R7
805,O805,notdelivered,5:21:00 AM,R1
806,O806,notdelivered,10:17:00 PM,R2
807,O807,notdelivered,1:21:00 AM,R3
808,O808,notdelivered,6:28:00 AM,R4
809,O809,delivered,2:41:00 AM,R5
810,O810,delivered,11:38:00 AM,R6
811,O811,delivered,12:42:00 AM,R7
812,O812,notdelivered,7:01:00 PM,R1
813,O813,delivered,7:34:00 AM,R2
814,O814,delivered,8:24:00 AM,R3
815,O815,delivered,2:38:00 AM,R4
816,O816,delivered,2:17:00 AM,R5
817,O817,delivered,1:26:00 PM,R6
818,O818,delivered,5:26:00 PM,R7
819,O819,notdelivered,4:14:00 PM,R1
820,O820,delivered,9:32:00 PM,R2
821,O821,delivered,4:29:00 PM,R3
822,O822,delivered,2:49:00 AM,R4
823,O823,notdelivered,8:06:00 PM,R5
824,O824,delivered,5:05:00 PM,R6
825,O825,delivered,2:30:00 AM,R7
826,O826,notdelivered,4:09:00 PM,R1
827,O827,delivered,11:32:00 AM,R2
828,O828,notdelivered,6:52:00 AM,R3
829,O829,delivered,11:39:00 PM,R4
830,O830,delivered,2:03:00 AM,R5
831,O831,delivered,10:28:00 AM,R6
832,O832,notdelivered,7:08:00 PM,R7
833,O833,delivered,5:54:00 PM,R6
834,O834,delivered,6:10:00 PM,R7
835,O835,delivered,5:22:00 AM,R1
836,O836,notdelivered,6:32:00 AM,R2
837,O837,delivered,10:40:00 PM,R3
838,O838,notdelivered,2:31:00 PM,R4
839,O839,delivered,4:04:00 AM,R5
840,O840,notdelivered,4:46:00 PM,R6
841,O841,delivered,6:20:00 AM,R7
842,O842,delivered,4:59:00 PM,R1
843,O843,notdelivered,10:23:00 PM,R2
844,O844,notdelivered,2:49:00 PM,R3
845,O845,notdelivered,4:09:00 PM,R4
846,O846,notdelivered,3:00:00 AM,R1
847,O847,delivered,10:11:00 AM,R2
848,O848,notdelivered,7:58:00 AM,R3
849,O849,delivered,4:23:00 PM,R4
850,O850,delivered,2:58:00 PM,R5
851,O851,delivered,11:49:00 PM,R6
852,O852,delivered,2:23:00 PM,R7
853,O853,delivered,4:19:00 AM,R6
854,O854,delivered,11:21:00 PM,R7
855,O855,notdelivered,10:20:00 PM,R1
856,O856,delivered,2:29:00 PM,R2
857,O857,notdelivered,7:45:00 AM,R3
858,O858,delivered,2:03:00 AM,R4
859,O859,delivered,4:17:00 AM,R5
860,O860,notdelivered,3:07:00 AM,R6
861,O861,notdelivered,12:40:00 AM,R7
862,O862,delivered,1:17:00 AM,R5
863,O863,notdelivered,1:02:00 PM,R6
864,O864,notdelivered,10:08:00 AM,R7
865,O865,notdelivered,2:00:00 AM,R6
866,O866,notdelivered,10:48:00 PM,R7
867,O867,delivered,4:07:00 PM,R1
868,O868,delivered,7:52:00 PM,R2
869,O869,delivered,5:06:00 PM,R3
870,O870,delivered,3:33:00 PM,R4
871,O871,notdelivered,10:44:00 PM,R5
872,O872,delivered,1:45:00 PM,R6
873,O873,notdelivered,7:41:00 AM,R7
874,O874,notdelivered,6:12:00 AM,R1
875,O875,delivered,11:23:00 PM,R2
876,O876,delivered,6:48:00 PM,R3
877,O877,delivered,10:19:00 PM,R4
878,O878,delivered,11:38:00 PM,R5
879,O879,delivered,9:40:00 AM,R6
880,O880,notdelivered,12:05:00 PM,R7
881,O881,delivered,3:37:00 AM,R1
882,O882,delivered,6:49:00 AM,R2
883,O883,delivered,7:36:00 AM,R3
884,O884,notdelivered,4:42:00 AM,R4
885,O885,notdelivered,11:51:00 PM,R5
886,O886,notdelivered,2:01:00 AM,R6
887,O887,notdelivered,7:05:00 PM,R5
888,O888,notdelivered,3:44:00 PM,R6
889,O889,notdelivered,7:44:00 PM,R7
890,O890,delivered,11:09:00 PM,R1
891,O891,delivered,1:44:00 PM,R2
892,O892,delivered,2:09:00 AM,R3
893,O893,notdelivered,6:02:00 AM,R4
894,O894,delivered,4:04:00 AM,R5
895,O895,notdelivered,5:18:00 PM,R6
896,O896,delivered,4:34:00 PM,R7
897,O897,delivered,11:25:00 AM,R1
898,O898,notdelivered,9:16:00 AM,R2
899,O899,notdelivered,8:31:00 PM,R4
900,O900,notdelivered,12:08:00 PM,R5
901,O901,delivered,12:59:00 PM,R6
902,O902,delivered,9:40:00 PM,R7
903,O903,notdelivered,2:31:00 AM,R6
904,O904,delivered,6:22:00 AM,R7
905,O905,delivered,2:45:00 PM,R1
906,O906,delivered,10:05:00 PM,R2
907,O907,notdelivered,11:29:00 AM,R3
908,O908,notdelivered,4:09:00 PM,R4
909,O909,notdelivered,12:35:00 AM,R5
910,O910,notdelivered,10:07:00 AM,R6
911,O911,notdelivered,6:30:00 PM,R7
912,O912,delivered,5:14:00 PM,R1
913,O913,notdelivered,8:41:00 AM,R2
914,O914,notdelivered,4:55:00 PM,R3
915,O915,delivered,10:18:00 PM,R4
916,O916,notdelivered,6:26:00 PM,R1
917,O917,notdelivered,4:50:00 AM,R2
918,O918,delivered,8:29:00 AM,R3
919,O919,notdelivered,9:21:00 PM,R4
920,O920,notdelivered,9:33:00 PM,R5
921,O921,notdelivered,6:19:00 PM,R6
922,O922,notdelivered,3:22:00 PM,R7
923,O923,notdelivered,2:17:00 PM,R6
924,O924,notdelivered,6:56:00 PM,R7
925,O925,delivered,11:57:00 AM,R1
926,O926,delivered,5:32:00 AM,R2
927,O927,notdelivered,6:55:00 AM,R3
928,O928,delivered,12:07:00 AM,R4
929,O929,notdelivered,11:01:00 AM,R5
930,O930,notdelivered,12:27:00 AM,R6
931,O931,delivered,1:02:00 AM,R7
932,O932,delivered,6:35:00 AM,R1
933,O933,notdelivered,7:59:00 AM,R2
934,O934,notdelivered,11:52:00 AM,R3
935,O935,notdelivered,1:53:00 PM,R4
936,O936,delivered,1:23:00 PM,R5
937,O937,notdelivered,12:17:00 PM,R6
938,O938,notdelivered,7:23:00 AM,R7
939,O939,delivered,3:43:00 AM,R1
940,O940,notdelivered,5:46:00 AM,R2
941,O941,delivered,6:10:00 PM,R3
942,O942,delivered,12:16:00 AM,R4
943,O943,delivered,3:47:00 PM,R5
944,O944,delivered,12:08:00 PM,R6
945,O945,notdelivered,11:36:00 AM,R7
946,O946,delivered,2:35:00 AM,R1
947,O947,notdelivered,10:53:00 PM,R2
948,O948,notdelivered,9:17:00 PM,R3
949,O949,delivered,10:50:00 PM,R4
950,O950,notdelivered,6:51:00 AM,R5
951,O951,notdelivered,1:00:00 AM,R6
952,O952,delivered,1:06:00 AM,R7
953,O953,delivered,1:59:00 PM,R1
954,O954,notdelivered,4:44:00 PM,R2
955,O955,delivered,5:43:00 AM,R3
956,O956,delivered,11:16:00 AM,R4
957,O957,notdelivered,9:16:00 PM,R5
958,O958,notdelivered,7:23:00 PM,R6
959,O959,notdelivered,8:54:00 AM,R7
960,O960,notdelivered,1:43:00 PM,R6
961,O961,notdelivered,8:50:00 PM,R7
962,O962,notdelivered,8:01:00 PM,R1
963,O963,notdelivered,7:29:00 AM,R2
964,O964,notdelivered,6:20:00 AM,R3
965,O965,notdelivered,9:47:00 PM,R4
966,O966,delivered,7:34:00 AM,R5
967,O967,delivered,7:18:00 AM,R6
968,O968,notdelivered,5:01:00 AM,R7
969,O969,delivered,7:12:00 PM,R1
970,O970,delivered,2:18:00 PM,R2
971,O971,notdelivered,12:56:00 PM,R3
972,O972,delivered,5:45:00 PM,R4
973,O973,notdelivered,5:56:00 AM,R1
974,O974,notdelivered,4:19:00 AM,R2
975,O975,notdelivered,7:56:00 PM,R3
976,O976,delivered,2:38:00 PM,R4
977,O977,notdelivered,10:58:00 AM,R5
978,O978,delivered,6:20:00 PM,R6
979,O979,delivered,6:29:00 PM,R7
980,O980,notdelivered,10:11:00 PM,R6
981,O981,notdelivered,6:28:00 AM,R7
982,O982,delivered,9:10:00 AM,R1
983,O983,notdelivered,11:49:00 AM,R2
984,O984,delivered,2:31:00 AM,R3
985,O985,notdelivered,4:35:00 AM,R4
986,O986,notdelivered,4:20:00 PM,R5
987,O987,delivered,7:56:00 PM,R6
988,O988,delivered,12:01:00 AM,R7
989,O989,notdelivered,1:05:00 AM,R5
990,O990,delivered,4:32:00 AM,R6
991,O991,delivered,7:27:00 AM,R7
992,O992,delivered,8:44:00 PM,R6
993,O993,notdelivered,5:45:00 PM,R7
994,O994,notdelivered,11:45:00 AM,R1
995,O995,delivered,5:18:00 AM,R2
996,O996,delivered,10:09:00 PM,R3
997,O997,notdelivered,9:16:00 PM,R4
998,O998,notdelivered,8:15:00 AM,R5
999,O999,notdelivered,2:53:00 AM,R6
1000,O1000,notdelivered,3:00:00 AM,R7
